route_id,airline_code,cabin,booking_window_days,currency,poll_frequency_minutes,route_priority,strategic_tag,is_active
AUH-BKK,EY,ECONOMY,14,AED,1440,STANDARD,STANDARD,TRUE
AUH-BKK,EY,ECONOMY,60,AED,1440,STANDARD,STANDARD,TRUE
AUH-BKK,EY,BUSINESS,14,AED,1440,STANDARD,STANDARD,TRUE
AUH-BKK,EY,BUSINESS,60,AED,1440,STANDARD,STANDARD,TRUE
AUH-BOM,EY,ECONOMY,14,AED,1440,TIER_1_DAILY,STANDARD,TRUE
AUH-BOM,EY,ECONOMY,60,AED,1440,TIER_1_DAILY,STANDARD,TRUE
AUH-BOM,EY,BUSINESS,14,AED,1440,TIER_1_DAILY,STANDARD,TRUE
AUH-BOM,EY,BUSINESS,60,AED,1440,TIER_1_DAILY,STANDARD,TRUE
AUH-BOM,G9,ECONOMY,14,AED,1440,TIER_1_DAILY,STANDARD,TRUE
AUH-BOM,G9,ECONOMY,60,AED,1440,TIER_1_DAILY,STANDARD,TRUE
AUH-BOM,G9,BUSINESS,14,AED,1440,TIER_1_DAILY,STANDARD,TRUE
AUH-BOM,G9,BUSINESS,60,AED,1440,TIER_1_DAILY,STANDARD,TRUE
AUH-CAI,EY,ECONOMY,14,AED,2880,TIER_2_EVERY_2_DAYS,STANDARD,TRUE
AUH-CAI,EY,ECONOMY,60,AED,2880,TIER_2_EVERY_2_DAYS,STANDARD,TRUE
AUH-CAI,EY,BUSINESS,14,AED,2880,TIER_2_EVERY_2_DAYS,STANDARD,TRUE
AUH-CAI,EY,BUSINESS,60,AED,2880,TIER_2_EVERY_2_DAYS,STANDARD,TRUE
AUH-CAI,MS,ECONOMY,14,USD,2880,TIER_2_EVERY_2_DAYS,STANDARD,TRUE
AUH-CAI,MS,ECONOMY,60,USD,2880,TIER_2_EVERY_2_DAYS,STANDARD,TRUE
AUH-CAI,MS,BUSINESS,14,USD,2880,TIER_2_EVERY_2_DAYS,STANDARD,TRUE
AUH-CAI,MS,BUSINESS,60,USD,2880,TIER_2_EVERY_2_DAYS,STANDARD,TRUE
AUH-CAI,G9,ECONOMY,14,AED,2880,TIER_2_EVERY_2_DAYS,STANDARD,TRUE
AUH-CAI,G9,ECONOMY,60,AED,2880,TIER_2_EVERY_2_DAYS,STANDARD,TRUE
AUH-CAI,G9,BUSINESS,14,AED,2880,TIER_2_EVERY_2_DAYS,STANDARD,TRUE
AUH-CAI,G9,BUSINESS,60,AED,2880,TIER_2_EVERY_2_DAYS,STANDARD,TRUE
AUH-DEL,EY,ECONOMY,14,AED,1440,STANDARD,STANDARD,TRUE
AUH-DEL,EY,ECONOMY,60,AED,1440,STANDARD,STANDARD,TRUE
AUH-DEL,EY,BUSINESS,14,AED,1440,STANDARD,STANDARD,TRUE
AUH-DEL,EY,BUSINESS,60,AED,1440,STANDARD,STANDARD,TRUE
AUH-JED,EY,ECONOMY,14,AED,1440,STANDARD,STANDARD,TRUE
AUH-JED,EY,ECONOMY,60,AED,1440,STANDARD,STANDARD,TRUE
AUH-JED,EY,BUSINESS,14,AED,1440,STANDARD,STANDARD,TRUE
AUH-JED,EY,BUSINESS,60,AED,1440,STANDARD,STANDARD,TRUE
AUH-JED,SV,ECONOMY,14,USD,1440,STANDARD,STANDARD,TRUE
AUH-JED,SV,ECONOMY,60,USD,1440,STANDARD,STANDARD,TRUE
AUH-JED,SV,BUSINESS,14,USD,1440,STANDARD,STANDARD,TRUE
AUH-JED,SV,BUSINESS,60,USD,1440,STANDARD,STANDARD,TRUE
AUH-JED,XY,ECONOMY,14,USD,1440,STANDARD,STANDARD,TRUE
AUH-JED,XY,ECONOMY,60,USD,1440,STANDARD,STANDARD,TRUE
AUH-JED,XY,BUSINESS,14,USD,1440,STANDARD,STANDARD,TRUE
AUH-JED,XY,BUSINESS,60,USD,1440,STANDARD,STANDARD,TRUE
AUH-JFK,EY,ECONOMY,14,AED,1440,STANDARD,STANDARD,TRUE
AUH-JFK,EY,ECONOMY,60,AED,1440,STANDARD,STANDARD,TRUE
AUH-JFK,EY,BUSINESS,14,AED,1440,STANDARD,STANDARD,TRUE
AUH-JFK,EY,BUSINESS,60,AED,1440,STANDARD,STANDARD,TRUE
AUH-KHI,EY,ECONOMY,14,AED,1440,STANDARD,STANDARD,TRUE
AUH-KHI,EY,ECONOMY,60,AED,1440,STANDARD,STANDARD,TRUE
AUH-KHI,EY,BUSINESS,14,AED,1440,STANDARD,STANDARD,TRUE
AUH-KHI,EY,BUSINESS,60,AED,1440,STANDARD,STANDARD,TRUE
AUH-KHI,G9,ECONOMY,14,AED,1440,STANDARD,STANDARD,TRUE
AUH-KHI,G9,ECONOMY,60,AED,1440,STANDARD,STANDARD,TRUE
AUH-KHI,G9,BUSINESS,14,AED,1440,STANDARD,STANDARD,TRUE
AUH-KHI,G9,BUSINESS,60,AED,1440,STANDARD,STANDARD,TRUE
AUH-LHR,EY,ECONOMY,14,AED,1440,STANDARD,STANDARD,TRUE
AUH-LHR,EY,ECONOMY,60,AED,1440,STANDARD,STANDARD,TRUE
AUH-LHR,EY,BUSINESS,14,AED,1440,STANDARD,STANDARD,TRUE
AUH-LHR,EY,BUSINESS,60,AED,1440,STANDARD,STANDARD,TRUE
AUH-NBO,EY,ECONOMY,14,AED,1440,STANDARD,WAVE_2_PRESEED,TRUE
AUH-NBO,EY,ECONOMY,60,AED,1440,STANDARD,WAVE_2_PRESEED,TRUE
AUH-NBO,EY,BUSINESS,14,AED,1440,STANDARD,WAVE_2_PRESEED,TRUE
AUH-NBO,EY,BUSINESS,60,AED,1440,STANDARD,WAVE_2_PRESEED,TRUE
CAI-ASW,MS,ECONOMY,14,EGP,1440,STANDARD,STANDARD,TRUE
CAI-ASW,MS,ECONOMY,60,EGP,1440,STANDARD,STANDARD,TRUE
CAI-ASW,MS,BUSINESS,14,EGP,1440,STANDARD,STANDARD,TRUE
CAI-ASW,MS,BUSINESS,60,EGP,1440,STANDARD,STANDARD,TRUE
CAI-CDG,MS,ECONOMY,14,EGP,1440,STANDARD,STANDARD,TRUE
CAI-CDG,MS,ECONOMY,60,EGP,1440,STANDARD,STANDARD,TRUE
CAI-CDG,MS,BUSINESS,14,EGP,1440,STANDARD,STANDARD,TRUE
CAI-CDG,MS,BUSINESS,60,EGP,1440,STANDARD,STANDARD,TRUE
CAI-FRA,MS,ECONOMY,14,EGP,1440,STANDARD,STANDARD,TRUE
CAI-FRA,MS,ECONOMY,60,EGP,1440,STANDARD,STANDARD,TRUE
CAI-FRA,MS,BUSINESS,14,EGP,1440,STANDARD,STANDARD,TRUE
CAI-FRA,MS,BUSINESS,60,EGP,1440,STANDARD,STANDARD,TRUE
CAI-HRG,MS,ECONOMY,14,EGP,1440,STANDARD,STANDARD,TRUE
CAI-HRG,MS,ECONOMY,60,EGP,1440,STANDARD,STANDARD,TRUE
CAI-HRG,MS,BUSINESS,14,EGP,1440,STANDARD,STANDARD,TRUE
CAI-HRG,MS,BUSINESS,60,EGP,1440,STANDARD,STANDARD,TRUE
CAI-JFK,MS,ECONOMY,14,EGP,1440,STANDARD,STANDARD,TRUE
CAI-JFK,MS,ECONOMY,60,EGP,1440,STANDARD,STANDARD,TRUE
CAI-JFK,MS,BUSINESS,14,EGP,1440,STANDARD,STANDARD,TRUE
CAI-JFK,MS,BUSINESS,60,EGP,1440,STANDARD,STANDARD,TRUE
CAI-LHR,MS,ECONOMY,14,EGP,1440,STANDARD,STANDARD,TRUE
CAI-LHR,MS,ECONOMY,60,EGP,1440,STANDARD,STANDARD,TRUE
CAI-LHR,MS,BUSINESS,14,EGP,1440,STANDARD,STANDARD,TRUE
CAI-LHR,MS,BUSINESS,60,EGP,1440,STANDARD,STANDARD,TRUE
CAI-LXR,MS,ECONOMY,14,EGP,1440,STANDARD,STANDARD,TRUE
CAI-LXR,MS,ECONOMY,60,EGP,1440,STANDARD,STANDARD,TRUE
CAI-LXR,MS,BUSINESS,14,EGP,1440,STANDARD,STANDARD,TRUE
CAI-LXR,MS,BUSINESS,60,EGP,1440,STANDARD,STANDARD,TRUE
CAI-RUH,SV,ECONOMY,14,USD,2880,TIER_2_EVERY_2_DAYS,STANDARD,TRUE
CAI-RUH,SV,ECONOMY,60,USD,2880,TIER_2_EVERY_2_DAYS,STANDARD,TRUE
CAI-RUH,SV,BUSINESS,14,USD,2880,TIER_2_EVERY_2_DAYS,STANDARD,TRUE
CAI-RUH,SV,BUSINESS,60,USD,2880,TIER_2_EVERY_2_DAYS,STANDARD,TRUE
CAI-RUH,XY,ECONOMY,14,USD,2880,TIER_2_EVERY_2_DAYS,STANDARD,TRUE
CAI-RUH,XY,ECONOMY,60,USD,2880,TIER_2_EVERY_2_DAYS,STANDARD,TRUE
CAI-RUH,XY,BUSINESS,14,USD,2880,TIER_2_EVERY_2_DAYS,STANDARD,TRUE
CAI-RUH,XY,BUSINESS,60,USD,2880,TIER_2_EVERY_2_DAYS,STANDARD,TRUE
CAI-RUH,MS,ECONOMY,14,EGP,2880,TIER_2_EVERY_2_DAYS,STANDARD,TRUE
CAI-RUH,MS,ECONOMY,60,EGP,2880,TIER_2_EVERY_2_DAYS,STANDARD,TRUE
CAI-RUH,MS,BUSINESS,14,EGP,2880,TIER_2_EVERY_2_DAYS,STANDARD,TRUE
CAI-RUH,MS,BUSINESS,60,EGP,2880,TIER_2_EVERY_2_DAYS,STANDARD,TRUE
CAI-SSH,MS,ECONOMY,14,EGP,1440,STANDARD,STANDARD,TRUE
CAI-SSH,MS,ECONOMY,60,EGP,1440,STANDARD,STANDARD,TRUE
CAI-SSH,MS,BUSINESS,14,EGP,1440,STANDARD,STANDARD,TRUE
CAI-SSH,MS,BUSINESS,60,EGP,1440,STANDARD,STANDARD,TRUE
DOH-ALA,QR,ECONOMY,14,QAR,1440,STANDARD,WAVE_3_PRESEED,TRUE
DOH-ALA,QR,ECONOMY,60,QAR,1440,STANDARD,WAVE_3_PRESEED,TRUE
DOH-ALA,QR,BUSINESS,14,QAR,1440,STANDARD,WAVE_3_PRESEED,TRUE
DOH-ALA,QR,BUSINESS,60,QAR,1440,STANDARD,WAVE_3_PRESEED,TRUE
DOH-BKK,QR,ECONOMY,14,QAR,1440,STANDARD,STANDARD,TRUE
DOH-BKK,QR,ECONOMY,60,QAR,1440,STANDARD,STANDARD,TRUE
DOH-BKK,QR,BUSINESS,14,QAR,1440,STANDARD,STANDARD,TRUE
DOH-BKK,QR,BUSINESS,60,QAR,1440,STANDARD,STANDARD,TRUE
DOH-CAI,QR,ECONOMY,14,QAR,1440,STANDARD,STANDARD,TRUE
DOH-CAI,QR,ECONOMY,60,QAR,1440,STANDARD,STANDARD,TRUE
DOH-CAI,QR,BUSINESS,14,QAR,1440,STANDARD,STANDARD,TRUE
DOH-CAI,QR,BUSINESS,60,QAR,1440,STANDARD,STANDARD,TRUE
DOH-CAI,MS,ECONOMY,14,USD,1440,STANDARD,STANDARD,TRUE
DOH-CAI,MS,ECONOMY,60,USD,1440,STANDARD,STANDARD,TRUE
DOH-CAI,MS,BUSINESS,14,USD,1440,STANDARD,STANDARD,TRUE
DOH-CAI,MS,BUSINESS,60,USD,1440,STANDARD,STANDARD,TRUE
DOH-CDG,QR,ECONOMY,14,QAR,1440,STANDARD,STANDARD,TRUE
DOH-CDG,QR,ECONOMY,60,QAR,1440,STANDARD,STANDARD,TRUE
DOH-CDG,QR,BUSINESS,14,QAR,1440,STANDARD,STANDARD,TRUE
DOH-CDG,QR,BUSINESS,60,QAR,1440,STANDARD,STANDARD,TRUE
DOH-CMB,QR,ECONOMY,14,QAR,1440,STANDARD,STANDARD,TRUE
DOH-CMB,QR,ECONOMY,60,QAR,1440,STANDARD,STANDARD,TRUE
DOH-CMB,QR,BUSINESS,14,QAR,1440,STANDARD,STANDARD,TRUE
DOH-CMB,QR,BUSINESS,60,QAR,1440,STANDARD,STANDARD,TRUE
DOH-DXB,EK,ECONOMY,14,USD,2880,TIER_2_EVERY_2_DAYS,STANDARD,TRUE
DOH-DXB,EK,ECONOMY,60,USD,2880,TIER_2_EVERY_2_DAYS,STANDARD,TRUE
DOH-DXB,EK,BUSINESS,14,USD,2880,TIER_2_EVERY_2_DAYS,STANDARD,TRUE
DOH-DXB,EK,BUSINESS,60,USD,2880,TIER_2_EVERY_2_DAYS,STANDARD,TRUE
DOH-DXB,FZ,ECONOMY,14,USD,2880,TIER_2_EVERY_2_DAYS,STANDARD,TRUE
DOH-DXB,FZ,ECONOMY,60,USD,2880,TIER_2_EVERY_2_DAYS,STANDARD,TRUE
DOH-DXB,FZ,BUSINESS,14,USD,2880,TIER_2_EVERY_2_DAYS,STANDARD,TRUE
DOH-DXB,FZ,BUSINESS,60,USD,2880,TIER_2_EVERY_2_DAYS,STANDARD,TRUE
DOH-DXB,QR,ECONOMY,14,QAR,2880,TIER_2_EVERY_2_DAYS,STANDARD,TRUE
DOH-DXB,QR,ECONOMY,60,QAR,2880,TIER_2_EVERY_2_DAYS,STANDARD,TRUE
DOH-DXB,QR,BUSINESS,14,QAR,2880,TIER_2_EVERY_2_DAYS,STANDARD,TRUE
DOH-DXB,QR,BUSINESS,60,QAR,2880,TIER_2_EVERY_2_DAYS,STANDARD,TRUE
DOH-JED,QR,ECONOMY,14,QAR,1440,STANDARD,STANDARD,TRUE
DOH-JED,QR,ECONOMY,60,QAR,1440,STANDARD,STANDARD,TRUE
DOH-JED,QR,BUSINESS,14,QAR,1440,STANDARD,STANDARD,TRUE
DOH-JED,QR,BUSINESS,60,QAR,1440,STANDARD,STANDARD,TRUE
DOH-JED,SV,ECONOMY,14,USD,1440,STANDARD,STANDARD,TRUE
DOH-JED,SV,ECONOMY,60,USD,1440,STANDARD,STANDARD,TRUE
DOH-JED,SV,BUSINESS,14,USD,1440,STANDARD,STANDARD,TRUE
DOH-JED,SV,BUSINESS,60,USD,1440,STANDARD,STANDARD,TRUE
DOH-JFK,QR,ECONOMY,14,QAR,1440,STANDARD,STANDARD,TRUE
DOH-JFK,QR,ECONOMY,60,QAR,1440,STANDARD,STANDARD,TRUE
DOH-JFK,QR,BUSINESS,14,QAR,1440,STANDARD,STANDARD,TRUE
DOH-JFK,QR,BUSINESS,60,QAR,1440,STANDARD,STANDARD,TRUE
DOH-LHR,QR,ECONOMY,14,QAR,1440,STANDARD,STANDARD,TRUE
DOH-LHR,QR,ECONOMY,60,QAR,1440,STANDARD,STANDARD,TRUE
DOH-LHR,QR,BUSINESS,14,QAR,1440,STANDARD,STANDARD,TRUE
DOH-LHR,QR,BUSINESS,60,QAR,1440,STANDARD,STANDARD,TRUE
DOH-MAN,QR,ECONOMY,14,QAR,1440,STANDARD,STANDARD,TRUE
DOH-MAN,QR,ECONOMY,60,QAR,1440,STANDARD,STANDARD,TRUE
DOH-MAN,QR,BUSINESS,14,QAR,1440,STANDARD,STANDARD,TRUE
DOH-MAN,QR,BUSINESS,60,QAR,1440,STANDARD,STANDARD,TRUE
DOH-RUH,QR,ECONOMY,14,QAR,1440,STANDARD,STANDARD,TRUE
DOH-RUH,QR,ECONOMY,60,QAR,1440,STANDARD,STANDARD,TRUE
DOH-RUH,QR,BUSINESS,14,QAR,1440,STANDARD,STANDARD,TRUE
DOH-RUH,QR,BUSINESS,60,QAR,1440,STANDARD,STANDARD,TRUE
DOH-RUH,SV,ECONOMY,14,USD,1440,STANDARD,STANDARD,TRUE
DOH-RUH,SV,ECONOMY,60,USD,1440,STANDARD,STANDARD,TRUE
DOH-RUH,SV,BUSINESS,14,USD,1440,STANDARD,STANDARD,TRUE
DOH-RUH,SV,BUSINESS,60,USD,1440,STANDARD,STANDARD,TRUE
DOH-RUH,XY,ECONOMY,14,USD,1440,STANDARD,STANDARD,TRUE
DOH-RUH,XY,ECONOMY,60,USD,1440,STANDARD,STANDARD,TRUE
DOH-RUH,XY,BUSINESS,14,USD,1440,STANDARD,STANDARD,TRUE
DOH-RUH,XY,BUSINESS,60,USD,1440,STANDARD,STANDARD,TRUE
DOH-TAS,QR,ECONOMY,14,QAR,1440,STANDARD,WAVE_3_PRESEED,TRUE
DOH-TAS,QR,ECONOMY,60,QAR,1440,STANDARD,WAVE_3_PRESEED,TRUE
DOH-TAS,QR,BUSINESS,14,QAR,1440,STANDARD,WAVE_3_PRESEED,TRUE
DOH-TAS,QR,BUSINESS,60,QAR,1440,STANDARD,WAVE_3_PRESEED,TRUE
DXB-ADD,EK,ECONOMY,14,AED,1440,STANDARD,WAVE_2_PRESEED,TRUE
DXB-ADD,EK,ECONOMY,60,AED,1440,STANDARD,WAVE_2_PRESEED,TRUE
DXB-ADD,EK,BUSINESS,14,AED,1440,STANDARD,WAVE_2_PRESEED,TRUE
DXB-ADD,EK,BUSINESS,60,AED,1440,STANDARD,WAVE_2_PRESEED,TRUE
DXB-ADD,FZ,ECONOMY,14,AED,1440,STANDARD,WAVE_2_PRESEED,TRUE
DXB-ADD,FZ,ECONOMY,60,AED,1440,STANDARD,WAVE_2_PRESEED,TRUE
DXB-ADD,FZ,BUSINESS,14,AED,1440,STANDARD,WAVE_2_PRESEED,TRUE
DXB-ADD,FZ,BUSINESS,60,AED,1440,STANDARD,WAVE_2_PRESEED,TRUE
DXB-ALA,EK,ECONOMY,14,AED,1440,STANDARD,WAVE_3_PRESEED,TRUE
DXB-ALA,EK,ECONOMY,60,AED,1440,STANDARD,WAVE_3_PRESEED,TRUE
DXB-ALA,EK,BUSINESS,14,AED,1440,STANDARD,WAVE_3_PRESEED,TRUE
DXB-ALA,EK,BUSINESS,60,AED,1440,STANDARD,WAVE_3_PRESEED,TRUE
DXB-ALA,FZ,ECONOMY,14,AED,1440,STANDARD,WAVE_3_PRESEED,TRUE
DXB-ALA,FZ,ECONOMY,60,AED,1440,STANDARD,WAVE_3_PRESEED,TRUE
DXB-ALA,FZ,BUSINESS,14,AED,1440,STANDARD,WAVE_3_PRESEED,TRUE
DXB-ALA,FZ,BUSINESS,60,AED,1440,STANDARD,WAVE_3_PRESEED,TRUE
DXB-BKK,EK,ECONOMY,14,AED,1440,STANDARD,STANDARD,TRUE
DXB-BKK,EK,ECONOMY,60,AED,1440,STANDARD,STANDARD,TRUE
DXB-BKK,EK,BUSINESS,14,AED,1440,STANDARD,STANDARD,TRUE
DXB-BKK,EK,BUSINESS,60,AED,1440,STANDARD,STANDARD,TRUE
DXB-BOM,EK,ECONOMY,14,AED,1440,TIER_1_DAILY,STANDARD,TRUE
DXB-BOM,EK,ECONOMY,60,AED,1440,TIER_1_DAILY,STANDARD,TRUE
DXB-BOM,EK,BUSINESS,14,AED,1440,TIER_1_DAILY,STANDARD,TRUE
DXB-BOM,EK,BUSINESS,60,AED,1440,TIER_1_DAILY,STANDARD,TRUE
DXB-BOM,FZ,ECONOMY,14,AED,1440,TIER_1_DAILY,STANDARD,TRUE
DXB-BOM,FZ,ECONOMY,60,AED,1440,TIER_1_DAILY,STANDARD,TRUE
DXB-BOM,FZ,BUSINESS,14,AED,1440,TIER_1_DAILY,STANDARD,TRUE
DXB-BOM,FZ,BUSINESS,60,AED,1440,TIER_1_DAILY,STANDARD,TRUE
DXB-CAI,EK,ECONOMY,14,AED,1440,TIER_1_DAILY,STANDARD,TRUE
DXB-CAI,EK,ECONOMY,60,AED,1440,TIER_1_DAILY,STANDARD,TRUE
DXB-CAI,EK,BUSINESS,14,AED,1440,TIER_1_DAILY,STANDARD,TRUE
DXB-CAI,EK,BUSINESS,60,AED,1440,TIER_1_DAILY,STANDARD,TRUE
DXB-CAI,FZ,ECONOMY,14,AED,1440,TIER_1_DAILY,STANDARD,TRUE
DXB-CAI,FZ,ECONOMY,60,AED,1440,TIER_1_DAILY,STANDARD,TRUE
DXB-CAI,FZ,BUSINESS,14,AED,1440,TIER_1_DAILY,STANDARD,TRUE
DXB-CAI,FZ,BUSINESS,60,AED,1440,TIER_1_DAILY,STANDARD,TRUE
DXB-CAI,MS,ECONOMY,14,USD,1440,TIER_1_DAILY,STANDARD,TRUE
DXB-CAI,MS,ECONOMY,60,USD,1440,TIER_1_DAILY,STANDARD,TRUE
DXB-CAI,MS,BUSINESS,14,USD,1440,TIER_1_DAILY,STANDARD,TRUE
DXB-CAI,MS,BUSINESS,60,USD,1440,TIER_1_DAILY,STANDARD,TRUE
DXB-CAI,G9,ECONOMY,14,USD,1440,TIER_1_DAILY,STANDARD,TRUE
DXB-CAI,G9,ECONOMY,60,USD,1440,TIER_1_DAILY,STANDARD,TRUE
DXB-CAI,G9,BUSINESS,14,USD,1440,TIER_1_DAILY,STANDARD,TRUE
DXB-CAI,G9,BUSINESS,60,USD,1440,TIER_1_DAILY,STANDARD,TRUE
DXB-CDG,EK,ECONOMY,14,AED,1440,STANDARD,STANDARD,TRUE
DXB-CDG,EK,ECONOMY,60,AED,1440,STANDARD,STANDARD,TRUE
DXB-CDG,EK,BUSINESS,14,AED,1440,STANDARD,STANDARD,TRUE
DXB-CDG,EK,BUSINESS,60,AED,1440,STANDARD,STANDARD,TRUE
DXB-CDG,FZ,ECONOMY,14,AED,1440,STANDARD,STANDARD,TRUE
DXB-CDG,FZ,ECONOMY,60,AED,1440,STANDARD,STANDARD,TRUE
DXB-CDG,FZ,BUSINESS,14,AED,1440,STANDARD,STANDARD,TRUE
DXB-CDG,FZ,BUSINESS,60,AED,1440,STANDARD,STANDARD,TRUE
DXB-DEL,EK,ECONOMY,14,AED,1440,STANDARD,STANDARD,TRUE
DXB-DEL,EK,ECONOMY,60,AED,1440,STANDARD,STANDARD,TRUE
DXB-DEL,EK,BUSINESS,14,AED,1440,STANDARD,STANDARD,TRUE
DXB-DEL,EK,BUSINESS,60,AED,1440,STANDARD,STANDARD,TRUE
DXB-DEL,FZ,ECONOMY,14,AED,1440,STANDARD,STANDARD,TRUE
DXB-DEL,FZ,ECONOMY,60,AED,1440,STANDARD,STANDARD,TRUE
DXB-DEL,FZ,BUSINESS,14,AED,1440,STANDARD,STANDARD,TRUE
DXB-DEL,FZ,BUSINESS,60,AED,1440,STANDARD,STANDARD,TRUE
DXB-GYD,EK,ECONOMY,14,AED,1440,STANDARD,WAVE_3_PRESEED,TRUE
DXB-GYD,EK,ECONOMY,60,AED,1440,STANDARD,WAVE_3_PRESEED,TRUE
DXB-GYD,EK,BUSINESS,14,AED,1440,STANDARD,WAVE_3_PRESEED,TRUE
DXB-GYD,EK,BUSINESS,60,AED,1440,STANDARD,WAVE_3_PRESEED,TRUE
DXB-GYD,FZ,ECONOMY,14,AED,1440,STANDARD,WAVE_3_PRESEED,TRUE
DXB-GYD,FZ,ECONOMY,60,AED,1440,STANDARD,WAVE_3_PRESEED,TRUE
DXB-GYD,FZ,BUSINESS,14,AED,1440,STANDARD,WAVE_3_PRESEED,TRUE
DXB-GYD,FZ,BUSINESS,60,AED,1440,STANDARD,WAVE_3_PRESEED,TRUE
DXB-ISB,EK,ECONOMY,14,AED,1440,STANDARD,STANDARD,TRUE
DXB-ISB,EK,ECONOMY,60,AED,1440,STANDARD,STANDARD,TRUE
DXB-ISB,EK,BUSINESS,14,AED,1440,STANDARD,STANDARD,TRUE
DXB-ISB,EK,BUSINESS,60,AED,1440,STANDARD,STANDARD,TRUE
DXB-ISB,FZ,ECONOMY,14,AED,1440,STANDARD,STANDARD,TRUE
DXB-ISB,FZ,ECONOMY,60,AED,1440,STANDARD,STANDARD,TRUE
DXB-ISB,FZ,BUSINESS,14,AED,1440,STANDARD,STANDARD,TRUE
DXB-ISB,FZ,BUSINESS,60,AED,1440,STANDARD,STANDARD,TRUE
DXB-ISB,G9,ECONOMY,14,USD,1440,STANDARD,STANDARD,TRUE
DXB-ISB,G9,ECONOMY,60,USD,1440,STANDARD,STANDARD,TRUE
DXB-ISB,G9,BUSINESS,14,USD,1440,STANDARD,STANDARD,TRUE
DXB-ISB,G9,BUSINESS,60,USD,1440,STANDARD,STANDARD,TRUE
DXB-JED,EK,ECONOMY,14,AED,1440,TIER_1_DAILY,STANDARD,TRUE
DXB-JED,EK,ECONOMY,60,AED,1440,TIER_1_DAILY,STANDARD,TRUE
DXB-JED,EK,BUSINESS,14,AED,1440,TIER_1_DAILY,STANDARD,TRUE
DXB-JED,EK,BUSINESS,60,AED,1440,TIER_1_DAILY,STANDARD,TRUE
DXB-JED,FZ,ECONOMY,14,AED,1440,TIER_1_DAILY,STANDARD,TRUE
DXB-JED,FZ,ECONOMY,60,AED,1440,TIER_1_DAILY,STANDARD,TRUE
DXB-JED,FZ,BUSINESS,14,AED,1440,TIER_1_DAILY,STANDARD,TRUE
DXB-JED,FZ,BUSINESS,60,AED,1440,TIER_1_DAILY,STANDARD,TRUE
DXB-JED,SV,ECONOMY,14,USD,1440,TIER_1_DAILY,STANDARD,TRUE
DXB-JED,SV,ECONOMY,60,USD,1440,TIER_1_DAILY,STANDARD,TRUE
DXB-JED,SV,BUSINESS,14,USD,1440,TIER_1_DAILY,STANDARD,TRUE
DXB-JED,SV,BUSINESS,60,USD,1440,TIER_1_DAILY,STANDARD,TRUE
DXB-JED,XY,ECONOMY,14,USD,1440,TIER_1_DAILY,STANDARD,TRUE
DXB-JED,XY,ECONOMY,60,USD,1440,TIER_1_DAILY,STANDARD,TRUE
DXB-JED,XY,BUSINESS,14,USD,1440,TIER_1_DAILY,STANDARD,TRUE
DXB-JED,XY,BUSINESS,60,USD,1440,TIER_1_DAILY,STANDARD,TRUE
DXB-JFK,EK,ECONOMY,14,AED,1440,STANDARD,STANDARD,TRUE
DXB-JFK,EK,ECONOMY,60,AED,1440,STANDARD,STANDARD,TRUE
DXB-JFK,EK,BUSINESS,14,AED,1440,STANDARD,STANDARD,TRUE
DXB-JFK,EK,BUSINESS,60,AED,1440,STANDARD,STANDARD,TRUE
DXB-JFK,EY,ECONOMY,14,USD,1440,STANDARD,STANDARD,TRUE
DXB-JFK,EY,ECONOMY,60,USD,1440,STANDARD,STANDARD,TRUE
DXB-JFK,EY,BUSINESS,14,USD,1440,STANDARD,STANDARD,TRUE
DXB-JFK,EY,BUSINESS,60,USD,1440,STANDARD,STANDARD,TRUE
DXB-JNB,EK,ECONOMY,14,AED,1440,STANDARD,WAVE_2_PRESEED,TRUE
DXB-JNB,EK,ECONOMY,60,AED,1440,STANDARD,WAVE_2_PRESEED,TRUE
DXB-JNB,EK,BUSINESS,14,AED,1440,STANDARD,WAVE_2_PRESEED,TRUE
DXB-JNB,EK,BUSINESS,60,AED,1440,STANDARD,WAVE_2_PRESEED,TRUE
DXB-KHI,EK,ECONOMY,14,AED,1440,STANDARD,STANDARD,TRUE
DXB-KHI,EK,ECONOMY,60,AED,1440,STANDARD,STANDARD,TRUE
DXB-KHI,EK,BUSINESS,14,AED,1440,STANDARD,STANDARD,TRUE
DXB-KHI,EK,BUSINESS,60,AED,1440,STANDARD,STANDARD,TRUE
DXB-KHI,FZ,ECONOMY,14,AED,1440,STANDARD,STANDARD,TRUE
DXB-KHI,FZ,ECONOMY,60,AED,1440,STANDARD,STANDARD,TRUE
DXB-KHI,FZ,BUSINESS,14,AED,1440,STANDARD,STANDARD,TRUE
DXB-KHI,FZ,BUSINESS,60,AED,1440,STANDARD,STANDARD,TRUE
DXB-KHI,G9,ECONOMY,14,USD,1440,STANDARD,STANDARD,TRUE
DXB-KHI,G9,ECONOMY,60,USD,1440,STANDARD,STANDARD,TRUE
DXB-KHI,G9,BUSINESS,14,USD,1440,STANDARD,STANDARD,TRUE
DXB-KHI,G9,BUSINESS,60,USD,1440,STANDARD,STANDARD,TRUE
DXB-KTM,EK,ECONOMY,14,AED,1440,STANDARD,STANDARD,TRUE
DXB-KTM,EK,ECONOMY,60,AED,1440,STANDARD,STANDARD,TRUE
DXB-KTM,EK,BUSINESS,14,AED,1440,STANDARD,STANDARD,TRUE
DXB-KTM,EK,BUSINESS,60,AED,1440,STANDARD,STANDARD,TRUE
DXB-KTM,FZ,ECONOMY,14,AED,1440,STANDARD,STANDARD,TRUE
DXB-KTM,FZ,ECONOMY,60,AED,1440,STANDARD,STANDARD,TRUE
DXB-KTM,FZ,BUSINESS,14,AED,1440,STANDARD,STANDARD,TRUE
DXB-KTM,FZ,BUSINESS,60,AED,1440,STANDARD,STANDARD,TRUE
DXB-LHE,EK,ECONOMY,14,AED,1440,STANDARD,STANDARD,TRUE
DXB-LHE,EK,ECONOMY,60,AED,1440,STANDARD,STANDARD,TRUE
DXB-LHE,EK,BUSINESS,14,AED,1440,STANDARD,STANDARD,TRUE
DXB-LHE,EK,BUSINESS,60,AED,1440,STANDARD,STANDARD,TRUE
DXB-LHE,FZ,ECONOMY,14,AED,1440,STANDARD,STANDARD,TRUE
DXB-LHE,FZ,ECONOMY,60,AED,1440,STANDARD,STANDARD,TRUE
DXB-LHE,FZ,BUSINESS,14,AED,1440,STANDARD,STANDARD,TRUE
DXB-LHE,FZ,BUSINESS,60,AED,1440,STANDARD,STANDARD,TRUE
DXB-LHE,G9,ECONOMY,14,USD,1440,STANDARD,STANDARD,TRUE
DXB-LHE,G9,ECONOMY,60,USD,1440,STANDARD,STANDARD,TRUE
DXB-LHE,G9,BUSINESS,14,USD,1440,STANDARD,STANDARD,TRUE
DXB-LHE,G9,BUSINESS,60,USD,1440,STANDARD,STANDARD,TRUE
DXB-LHR,EK,ECONOMY,14,AED,1440,STANDARD,STANDARD,TRUE
DXB-LHR,EK,ECONOMY,60,AED,1440,STANDARD,STANDARD,TRUE
DXB-LHR,EK,BUSINESS,14,AED,1440,STANDARD,STANDARD,TRUE
DXB-LHR,EK,BUSINESS,60,AED,1440,STANDARD,STANDARD,TRUE
DXB-MAN,EK,ECONOMY,14,AED,1440,STANDARD,STANDARD,TRUE
DXB-MAN,EK,ECONOMY,60,AED,1440,STANDARD,STANDARD,TRUE
DXB-MAN,EK,BUSINESS,14,AED,1440,STANDARD,STANDARD,TRUE
DXB-MAN,EK,BUSINESS,60,AED,1440,STANDARD,STANDARD,TRUE
DXB-NBO,EK,ECONOMY,14,AED,1440,STANDARD,WAVE_2_PRESEED,TRUE
DXB-NBO,EK,ECONOMY,60,AED,1440,STANDARD,WAVE_2_PRESEED,TRUE
DXB-NBO,EK,BUSINESS,14,AED,1440,STANDARD,WAVE_2_PRESEED,TRUE
DXB-NBO,EK,BUSINESS,60,AED,1440,STANDARD,WAVE_2_PRESEED,TRUE
DXB-NBO,FZ,ECONOMY,14,AED,1440,STANDARD,WAVE_2_PRESEED,TRUE
DXB-NBO,FZ,ECONOMY,60,AED,1440,STANDARD,WAVE_2_PRESEED,TRUE
DXB-NBO,FZ,BUSINESS,14,AED,1440,STANDARD,WAVE_2_PRESEED,TRUE
DXB-NBO,FZ,BUSINESS,60,AED,1440,STANDARD,WAVE_2_PRESEED,TRUE
DXB-RUH,EK,ECONOMY,14,AED,1440,TIER_1_DAILY,STANDARD,TRUE
DXB-RUH,EK,ECONOMY,60,AED,1440,TIER_1_DAILY,STANDARD,TRUE
DXB-RUH,EK,BUSINESS,14,AED,1440,TIER_1_DAILY,STANDARD,TRUE
DXB-RUH,EK,BUSINESS,60,AED,1440,TIER_1_DAILY,STANDARD,TRUE
DXB-RUH,FZ,ECONOMY,14,AED,1440,TIER_1_DAILY,STANDARD,TRUE
DXB-RUH,FZ,ECONOMY,60,AED,1440,TIER_1_DAILY,STANDARD,TRUE
DXB-RUH,FZ,BUSINESS,14,AED,1440,TIER_1_DAILY,STANDARD,TRUE
DXB-RUH,FZ,BUSINESS,60,AED,1440,TIER_1_DAILY,STANDARD,TRUE
DXB-RUH,SV,ECONOMY,14,USD,1440,TIER_1_DAILY,STANDARD,TRUE
DXB-RUH,SV,ECONOMY,60,USD,1440,TIER_1_DAILY,STANDARD,TRUE
DXB-RUH,SV,BUSINESS,14,USD,1440,TIER_1_DAILY,STANDARD,TRUE
DXB-RUH,SV,BUSINESS,60,USD,1440,TIER_1_DAILY,STANDARD,TRUE
DXB-RUH,XY,ECONOMY,14,USD,1440,TIER_1_DAILY,STANDARD,TRUE
DXB-RUH,XY,ECONOMY,60,USD,1440,TIER_1_DAILY,STANDARD,TRUE
DXB-RUH,XY,BUSINESS,14,USD,1440,TIER_1_DAILY,STANDARD,TRUE
DXB-RUH,XY,BUSINESS,60,USD,1440,TIER_1_DAILY,STANDARD,TRUE
DXB-TAS,EK,ECONOMY,14,AED,1440,STANDARD,WAVE_3_PRESEED,TRUE
DXB-TAS,EK,ECONOMY,60,AED,1440,STANDARD,WAVE_3_PRESEED,TRUE
DXB-TAS,EK,BUSINESS,14,AED,1440,STANDARD,WAVE_3_PRESEED,TRUE
DXB-TAS,EK,BUSINESS,60,AED,1440,STANDARD,WAVE_3_PRESEED,TRUE
DXB-TAS,FZ,ECONOMY,14,AED,1440,STANDARD,WAVE_3_PRESEED,TRUE
DXB-TAS,FZ,ECONOMY,60,AED,1440,STANDARD,WAVE_3_PRESEED,TRUE
DXB-TAS,FZ,BUSINESS,14,AED,1440,STANDARD,WAVE_3_PRESEED,TRUE
DXB-TAS,FZ,BUSINESS,60,AED,1440,STANDARD,WAVE_3_PRESEED,TRUE
DXB-VKO,EK,ECONOMY,14,AED,1440,STANDARD,STANDARD,TRUE
DXB-VKO,EK,ECONOMY,60,AED,1440,STANDARD,STANDARD,TRUE
DXB-VKO,EK,BUSINESS,14,AED,1440,STANDARD,STANDARD,TRUE
DXB-VKO,EK,BUSINESS,60,AED,1440,STANDARD,STANDARD,TRUE
DXB-VKO,FZ,ECONOMY,14,AED,1440,STANDARD,STANDARD,TRUE
DXB-VKO,FZ,ECONOMY,60,AED,1440,STANDARD,STANDARD,TRUE
DXB-VKO,FZ,BUSINESS,14,AED,1440,STANDARD,STANDARD,TRUE
DXB-VKO,FZ,BUSINESS,60,AED,1440,STANDARD,STANDARD,TRUE
IST-ALA,TK,ECONOMY,14,TRY,1440,STANDARD,WAVE_3_PRESEED,TRUE
IST-ALA,TK,ECONOMY,60,TRY,1440,STANDARD,WAVE_3_PRESEED,TRUE
IST-ALA,TK,BUSINESS,14,TRY,1440,STANDARD,WAVE_3_PRESEED,TRUE
IST-ALA,TK,BUSINESS,60,TRY,1440,STANDARD,WAVE_3_PRESEED,TRUE
IST-ALA,PC,ECONOMY,14,TRY,1440,STANDARD,WAVE_3_PRESEED,TRUE
IST-ALA,PC,ECONOMY,60,TRY,1440,STANDARD,WAVE_3_PRESEED,TRUE
IST-ALA,PC,BUSINESS,14,TRY,1440,STANDARD,WAVE_3_PRESEED,TRUE
IST-ALA,PC,BUSINESS,60,TRY,1440,STANDARD,WAVE_3_PRESEED,TRUE
IST-AMS,TK,ECONOMY,14,TRY,2880,TIER_2_EVERY_2_DAYS,STANDARD,TRUE
IST-AMS,TK,ECONOMY,60,TRY,2880,TIER_2_EVERY_2_DAYS,STANDARD,TRUE
IST-AMS,TK,BUSINESS,14,TRY,2880,TIER_2_EVERY_2_DAYS,STANDARD,TRUE
IST-AMS,TK,BUSINESS,60,TRY,2880,TIER_2_EVERY_2_DAYS,STANDARD,TRUE
IST-AMS,PC,ECONOMY,14,TRY,2880,TIER_2_EVERY_2_DAYS,STANDARD,TRUE
IST-AMS,PC,ECONOMY,60,TRY,2880,TIER_2_EVERY_2_DAYS,STANDARD,TRUE
IST-AMS,PC,BUSINESS,14,TRY,2880,TIER_2_EVERY_2_DAYS,STANDARD,TRUE
IST-AMS,PC,BUSINESS,60,TRY,2880,TIER_2_EVERY_2_DAYS,STANDARD,TRUE
IST-ANK,TK,ECONOMY,14,TRY,1440,STANDARD,STANDARD,TRUE
IST-ANK,TK,ECONOMY,60,TRY,1440,STANDARD,STANDARD,TRUE
IST-ANK,TK,BUSINESS,14,TRY,1440,STANDARD,STANDARD,TRUE
IST-ANK,TK,BUSINESS,60,TRY,1440,STANDARD,STANDARD,TRUE
IST-ANK,PC,ECONOMY,14,TRY,1440,STANDARD,STANDARD,TRUE
IST-ANK,PC,ECONOMY,60,TRY,1440,STANDARD,STANDARD,TRUE
IST-ANK,PC,BUSINESS,14,TRY,1440,STANDARD,STANDARD,TRUE
IST-ANK,PC,BUSINESS,60,TRY,1440,STANDARD,STANDARD,TRUE
IST-AYT,TK,ECONOMY,14,TRY,1440,STANDARD,STANDARD,TRUE
IST-AYT,TK,ECONOMY,60,TRY,1440,STANDARD,STANDARD,TRUE
IST-AYT,TK,BUSINESS,14,TRY,1440,STANDARD,STANDARD,TRUE
IST-AYT,TK,BUSINESS,60,TRY,1440,STANDARD,STANDARD,TRUE
IST-AYT,PC,ECONOMY,14,TRY,1440,STANDARD,STANDARD,TRUE
IST-AYT,PC,ECONOMY,60,TRY,1440,STANDARD,STANDARD,TRUE
IST-AYT,PC,BUSINESS,14,TRY,1440,STANDARD,STANDARD,TRUE
IST-AYT,PC,BUSINESS,60,TRY,1440,STANDARD,STANDARD,TRUE
IST-BER,TK,ECONOMY,14,TRY,1440,STANDARD,STANDARD,TRUE
IST-BER,TK,ECONOMY,60,TRY,1440,STANDARD,STANDARD,TRUE
IST-BER,TK,BUSINESS,14,TRY,1440,STANDARD,STANDARD,TRUE
IST-BER,TK,BUSINESS,60,TRY,1440,STANDARD,STANDARD,TRUE
IST-BER,PC,ECONOMY,14,TRY,1440,STANDARD,STANDARD,TRUE
IST-BER,PC,ECONOMY,60,TRY,1440,STANDARD,STANDARD,TRUE
IST-BER,PC,BUSINESS,14,TRY,1440,STANDARD,STANDARD,TRUE
IST-BER,PC,BUSINESS,60,TRY,1440,STANDARD,STANDARD,TRUE
IST-CAI,TK,ECONOMY,14,TRY,1440,STANDARD,STANDARD,TRUE
IST-CAI,TK,ECONOMY,60,TRY,1440,STANDARD,STANDARD,TRUE
IST-CAI,TK,BUSINESS,14,TRY,1440,STANDARD,STANDARD,TRUE
IST-CAI,TK,BUSINESS,60,TRY,1440,STANDARD,STANDARD,TRUE
IST-CAI,PC,ECONOMY,14,TRY,1440,STANDARD,STANDARD,TRUE
IST-CAI,PC,ECONOMY,60,TRY,1440,STANDARD,STANDARD,TRUE
IST-CAI,PC,BUSINESS,14,TRY,1440,STANDARD,STANDARD,TRUE
IST-CAI,PC,BUSINESS,60,TRY,1440,STANDARD,STANDARD,TRUE
IST-CAI,MS,ECONOMY,14,USD,1440,STANDARD,STANDARD,TRUE
IST-CAI,MS,ECONOMY,60,USD,1440,STANDARD,STANDARD,TRUE
IST-CAI,MS,BUSINESS,14,USD,1440,STANDARD,STANDARD,TRUE
IST-CAI,MS,BUSINESS,60,USD,1440,STANDARD,STANDARD,TRUE
IST-CDG,TK,ECONOMY,14,TRY,2880,TIER_2_EVERY_2_DAYS,STANDARD,TRUE
IST-CDG,TK,ECONOMY,60,TRY,2880,TIER_2_EVERY_2_DAYS,STANDARD,TRUE
IST-CDG,TK,BUSINESS,14,TRY,2880,TIER_2_EVERY_2_DAYS,STANDARD,TRUE
IST-CDG,TK,BUSINESS,60,TRY,2880,TIER_2_EVERY_2_DAYS,STANDARD,TRUE
IST-CDG,PC,ECONOMY,14,TRY,2880,TIER_2_EVERY_2_DAYS,STANDARD,TRUE
IST-CDG,PC,ECONOMY,60,TRY,2880,TIER_2_EVERY_2_DAYS,STANDARD,TRUE
IST-CDG,PC,BUSINESS,14,TRY,2880,TIER_2_EVERY_2_DAYS,STANDARD,TRUE
IST-CDG,PC,BUSINESS,60,TRY,2880,TIER_2_EVERY_2_DAYS,STANDARD,TRUE
IST-DOH,TK,ECONOMY,14,TRY,1440,STANDARD,STANDARD,TRUE
IST-DOH,TK,ECONOMY,60,TRY,1440,STANDARD,STANDARD,TRUE
IST-DOH,TK,BUSINESS,14,TRY,1440,STANDARD,STANDARD,TRUE
IST-DOH,TK,BUSINESS,60,TRY,1440,STANDARD,STANDARD,TRUE
IST-DOH,PC,ECONOMY,14,TRY,1440,STANDARD,STANDARD,TRUE
IST-DOH,PC,ECONOMY,60,TRY,1440,STANDARD,STANDARD,TRUE
IST-DOH,PC,BUSINESS,14,TRY,1440,STANDARD,STANDARD,TRUE
IST-DOH,PC,BUSINESS,60,TRY,1440,STANDARD,STANDARD,TRUE
IST-DOH,QR,ECONOMY,14,USD,1440,STANDARD,STANDARD,TRUE
IST-DOH,QR,ECONOMY,60,USD,1440,STANDARD,STANDARD,TRUE
IST-DOH,QR,BUSINESS,14,USD,1440,STANDARD,STANDARD,TRUE
IST-DOH,QR,BUSINESS,60,USD,1440,STANDARD,STANDARD,TRUE
IST-DXB,TK,ECONOMY,14,TRY,1440,TIER_1_DAILY,STANDARD,TRUE
IST-DXB,TK,ECONOMY,60,TRY,1440,TIER_1_DAILY,STANDARD,TRUE
IST-DXB,TK,BUSINESS,14,TRY,1440,TIER_1_DAILY,STANDARD,TRUE
IST-DXB,TK,BUSINESS,60,TRY,1440,TIER_1_DAILY,STANDARD,TRUE
IST-DXB,PC,ECONOMY,14,TRY,1440,TIER_1_DAILY,STANDARD,TRUE
IST-DXB,PC,ECONOMY,60,TRY,1440,TIER_1_DAILY,STANDARD,TRUE
IST-DXB,PC,BUSINESS,14,TRY,1440,TIER_1_DAILY,STANDARD,TRUE
IST-DXB,PC,BUSINESS,60,TRY,1440,TIER_1_DAILY,STANDARD,TRUE
IST-DXB,EK,ECONOMY,14,USD,1440,TIER_1_DAILY,STANDARD,TRUE
IST-DXB,EK,ECONOMY,60,USD,1440,TIER_1_DAILY,STANDARD,TRUE
IST-DXB,EK,BUSINESS,14,USD,1440,TIER_1_DAILY,STANDARD,TRUE
IST-DXB,EK,BUSINESS,60,USD,1440,TIER_1_DAILY,STANDARD,TRUE
IST-DXB,FZ,ECONOMY,14,USD,1440,TIER_1_DAILY,STANDARD,TRUE
IST-DXB,FZ,ECONOMY,60,USD,1440,TIER_1_DAILY,STANDARD,TRUE
IST-DXB,FZ,BUSINESS,14,USD,1440,TIER_1_DAILY,STANDARD,TRUE
IST-DXB,FZ,BUSINESS,60,USD,1440,TIER_1_DAILY,STANDARD,TRUE
IST-FRA,TK,ECONOMY,14,TRY,2880,TIER_2_EVERY_2_DAYS,STANDARD,TRUE
IST-FRA,TK,ECONOMY,60,TRY,2880,TIER_2_EVERY_2_DAYS,STANDARD,TRUE
IST-FRA,TK,BUSINESS,14,TRY,2880,TIER_2_EVERY_2_DAYS,STANDARD,TRUE
IST-FRA,TK,BUSINESS,60,TRY,2880,TIER_2_EVERY_2_DAYS,STANDARD,TRUE
IST-FRA,PC,ECONOMY,14,TRY,2880,TIER_2_EVERY_2_DAYS,STANDARD,TRUE
IST-FRA,PC,ECONOMY,60,TRY,2880,TIER_2_EVERY_2_DAYS,STANDARD,TRUE
IST-FRA,PC,BUSINESS,14,TRY,2880,TIER_2_EVERY_2_DAYS,STANDARD,TRUE
IST-FRA,PC,BUSINESS,60,TRY,2880,TIER_2_EVERY_2_DAYS,STANDARD,TRUE
IST-GYD,TK,ECONOMY,14,TRY,1440,STANDARD,WAVE_3_PRESEED,TRUE
IST-GYD,TK,ECONOMY,60,TRY,1440,STANDARD,WAVE_3_PRESEED,TRUE
IST-GYD,TK,BUSINESS,14,TRY,1440,STANDARD,WAVE_3_PRESEED,TRUE
IST-GYD,TK,BUSINESS,60,TRY,1440,STANDARD,WAVE_3_PRESEED,TRUE
IST-GYD,PC,ECONOMY,14,TRY,1440,STANDARD,WAVE_3_PRESEED,TRUE
IST-GYD,PC,ECONOMY,60,TRY,1440,STANDARD,WAVE_3_PRESEED,TRUE
IST-GYD,PC,BUSINESS,14,TRY,1440,STANDARD,WAVE_3_PRESEED,TRUE
IST-GYD,PC,BUSINESS,60,TRY,1440,STANDARD,WAVE_3_PRESEED,TRUE
IST-JED,TK,ECONOMY,14,TRY,1440,TIER_1_DAILY,STANDARD,TRUE
IST-JED,TK,ECONOMY,60,TRY,1440,TIER_1_DAILY,STANDARD,TRUE
IST-JED,TK,BUSINESS,14,TRY,1440,TIER_1_DAILY,STANDARD,TRUE
IST-JED,TK,BUSINESS,60,TRY,1440,TIER_1_DAILY,STANDARD,TRUE
IST-JED,PC,ECONOMY,14,TRY,1440,TIER_1_DAILY,STANDARD,TRUE
IST-JED,PC,ECONOMY,60,TRY,1440,TIER_1_DAILY,STANDARD,TRUE
IST-JED,PC,BUSINESS,14,TRY,1440,TIER_1_DAILY,STANDARD,TRUE
IST-JED,PC,BUSINESS,60,TRY,1440,TIER_1_DAILY,STANDARD,TRUE
IST-JED,SV,ECONOMY,14,USD,1440,TIER_1_DAILY,STANDARD,TRUE
IST-JED,SV,ECONOMY,60,USD,1440,TIER_1_DAILY,STANDARD,TRUE
IST-JED,SV,BUSINESS,14,USD,1440,TIER_1_DAILY,STANDARD,TRUE
IST-JED,SV,BUSINESS,60,USD,1440,TIER_1_DAILY,STANDARD,TRUE
IST-JED,XY,ECONOMY,14,USD,1440,TIER_1_DAILY,STANDARD,TRUE
IST-JED,XY,ECONOMY,60,USD,1440,TIER_1_DAILY,STANDARD,TRUE
IST-JED,XY,BUSINESS,14,USD,1440,TIER_1_DAILY,STANDARD,TRUE
IST-JED,XY,BUSINESS,60,USD,1440,TIER_1_DAILY,STANDARD,TRUE
IST-JFK,TK,ECONOMY,14,TRY,1440,STANDARD,STANDARD,TRUE
IST-JFK,TK,ECONOMY,60,TRY,1440,STANDARD,STANDARD,TRUE
IST-JFK,TK,BUSINESS,14,TRY,1440,STANDARD,STANDARD,TRUE
IST-JFK,TK,BUSINESS,60,TRY,1440,STANDARD,STANDARD,TRUE
IST-LHR,TK,ECONOMY,14,TRY,1440,STANDARD,STANDARD,TRUE
IST-LHR,TK,ECONOMY,60,TRY,1440,STANDARD,STANDARD,TRUE
IST-LHR,TK,BUSINESS,14,TRY,1440,STANDARD,STANDARD,TRUE
IST-LHR,TK,BUSINESS,60,TRY,1440,STANDARD,STANDARD,TRUE
IST-LHR,PC,ECONOMY,14,TRY,1440,STANDARD,STANDARD,TRUE
IST-LHR,PC,ECONOMY,60,TRY,1440,STANDARD,STANDARD,TRUE
IST-LHR,PC,BUSINESS,14,TRY,1440,STANDARD,STANDARD,TRUE
IST-LHR,PC,BUSINESS,60,TRY,1440,STANDARD,STANDARD,TRUE
IST-NQZ,TK,ECONOMY,14,TRY,1440,STANDARD,WAVE_3_PRESEED,TRUE
IST-NQZ,TK,ECONOMY,60,TRY,1440,STANDARD,WAVE_3_PRESEED,TRUE
IST-NQZ,TK,BUSINESS,14,TRY,1440,STANDARD,WAVE_3_PRESEED,TRUE
IST-NQZ,TK,BUSINESS,60,TRY,1440,STANDARD,WAVE_3_PRESEED,TRUE
IST-NQZ,PC,ECONOMY,14,TRY,1440,STANDARD,WAVE_3_PRESEED,TRUE
IST-NQZ,PC,ECONOMY,60,TRY,1440,STANDARD,WAVE_3_PRESEED,TRUE
IST-NQZ,PC,BUSINESS,14,TRY,1440,STANDARD,WAVE_3_PRESEED,TRUE
IST-NQZ,PC,BUSINESS,60,TRY,1440,STANDARD,WAVE_3_PRESEED,TRUE
IST-TAS,TK,ECONOMY,14,TRY,1440,STANDARD,WAVE_3_PRESEED,TRUE
IST-TAS,TK,ECONOMY,60,TRY,1440,STANDARD,WAVE_3_PRESEED,TRUE
IST-TAS,TK,BUSINESS,14,TRY,1440,STANDARD,WAVE_3_PRESEED,TRUE
IST-TAS,TK,BUSINESS,60,TRY,1440,STANDARD,WAVE_3_PRESEED,TRUE
IST-TAS,PC,ECONOMY,14,TRY,1440,STANDARD,WAVE_3_PRESEED,TRUE
IST-TAS,PC,ECONOMY,60,TRY,1440,STANDARD,WAVE_3_PRESEED,TRUE
IST-TAS,PC,BUSINESS,14,TRY,1440,STANDARD,WAVE_3_PRESEED,TRUE
IST-TAS,PC,BUSINESS,60,TRY,1440,STANDARD,WAVE_3_PRESEED,TRUE
JED-CAI,SV,ECONOMY,14,SAR,1440,TIER_1_DAILY,STANDARD,TRUE
JED-CAI,SV,ECONOMY,60,SAR,1440,TIER_1_DAILY,STANDARD,TRUE
JED-CAI,SV,BUSINESS,14,SAR,1440,TIER_1_DAILY,STANDARD,TRUE
JED-CAI,SV,BUSINESS,60,SAR,1440,TIER_1_DAILY,STANDARD,TRUE
JED-CAI,XY,ECONOMY,14,SAR,1440,TIER_1_DAILY,STANDARD,TRUE
JED-CAI,XY,ECONOMY,60,SAR,1440,TIER_1_DAILY,STANDARD,TRUE
JED-CAI,XY,BUSINESS,14,SAR,1440,TIER_1_DAILY,STANDARD,TRUE
JED-CAI,XY,BUSINESS,60,SAR,1440,TIER_1_DAILY,STANDARD,TRUE
JED-CAI,MS,ECONOMY,14,USD,1440,TIER_1_DAILY,STANDARD,TRUE
JED-CAI,MS,ECONOMY,60,USD,1440,TIER_1_DAILY,STANDARD,TRUE
JED-CAI,MS,BUSINESS,14,USD,1440,TIER_1_DAILY,STANDARD,TRUE
JED-CAI,MS,BUSINESS,60,USD,1440,TIER_1_DAILY,STANDARD,TRUE
JED-CAI,G9,ECONOMY,14,USD,1440,TIER_1_DAILY,STANDARD,TRUE
JED-CAI,G9,ECONOMY,60,USD,1440,TIER_1_DAILY,STANDARD,TRUE
JED-CAI,G9,BUSINESS,14,USD,1440,TIER_1_DAILY,STANDARD,TRUE
JED-CAI,G9,BUSINESS,60,USD,1440,TIER_1_DAILY,STANDARD,TRUE
JED-DMM,SV,ECONOMY,14,SAR,1440,STANDARD,STANDARD,TRUE
JED-DMM,SV,ECONOMY,60,SAR,1440,STANDARD,STANDARD,TRUE
JED-DMM,SV,BUSINESS,14,SAR,1440,STANDARD,STANDARD,TRUE
JED-DMM,SV,BUSINESS,60,SAR,1440,STANDARD,STANDARD,TRUE
JED-DMM,XY,ECONOMY,14,SAR,1440,STANDARD,STANDARD,TRUE
JED-DMM,XY,ECONOMY,60,SAR,1440,STANDARD,STANDARD,TRUE
JED-DMM,XY,BUSINESS,14,SAR,1440,STANDARD,STANDARD,TRUE
JED-DMM,XY,BUSINESS,60,SAR,1440,STANDARD,STANDARD,TRUE
JED-KWI,XY,ECONOMY,14,SAR,1440,STANDARD,STANDARD,TRUE
JED-KWI,XY,ECONOMY,60,SAR,1440,STANDARD,STANDARD,TRUE
JED-KWI,XY,BUSINESS,14,SAR,1440,STANDARD,STANDARD,TRUE
JED-KWI,XY,BUSINESS,60,SAR,1440,STANDARD,STANDARD,TRUE
JED-LHR,SV,ECONOMY,14,SAR,1440,STANDARD,STANDARD,TRUE
JED-LHR,SV,ECONOMY,60,SAR,1440,STANDARD,STANDARD,TRUE
JED-LHR,SV,BUSINESS,14,SAR,1440,STANDARD,STANDARD,TRUE
JED-LHR,SV,BUSINESS,60,SAR,1440,STANDARD,STANDARD,TRUE
JED-RUH,SV,ECONOMY,14,SAR,1440,TIER_1_DAILY,STANDARD,TRUE
JED-RUH,SV,ECONOMY,60,SAR,1440,TIER_1_DAILY,STANDARD,TRUE
JED-RUH,SV,BUSINESS,14,SAR,1440,TIER_1_DAILY,STANDARD,TRUE
JED-RUH,SV,BUSINESS,60,SAR,1440,TIER_1_DAILY,STANDARD,TRUE
JED-RUH,XY,ECONOMY,14,SAR,1440,TIER_1_DAILY,STANDARD,TRUE
JED-RUH,XY,ECONOMY,60,SAR,1440,TIER_1_DAILY,STANDARD,TRUE
JED-RUH,XY,BUSINESS,14,SAR,1440,TIER_1_DAILY,STANDARD,TRUE
JED-RUH,XY,BUSINESS,60,SAR,1440,TIER_1_DAILY,STANDARD,TRUE
RUH-DMM,SV,ECONOMY,14,SAR,1440,STANDARD,STANDARD,TRUE
RUH-DMM,SV,ECONOMY,60,SAR,1440,STANDARD,STANDARD,TRUE
RUH-DMM,SV,BUSINESS,14,SAR,1440,STANDARD,STANDARD,TRUE
RUH-DMM,SV,BUSINESS,60,SAR,1440,STANDARD,STANDARD,TRUE
RUH-DMM,XY,ECONOMY,14,SAR,1440,STANDARD,STANDARD,TRUE
RUH-DMM,XY,ECONOMY,60,SAR,1440,STANDARD,STANDARD,TRUE
RUH-DMM,XY,BUSINESS,14,SAR,1440,STANDARD,STANDARD,TRUE
RUH-DMM,XY,BUSINESS,60,SAR,1440,STANDARD,STANDARD,TRUE
RUH-IAD,SV,ECONOMY,14,SAR,1440,STANDARD,STANDARD,TRUE
RUH-IAD,SV,ECONOMY,60,SAR,1440,STANDARD,STANDARD,TRUE
RUH-IAD,SV,BUSINESS,14,SAR,1440,STANDARD,STANDARD,TRUE
RUH-IAD,SV,BUSINESS,60,SAR,1440,STANDARD,STANDARD,TRUE
RUH-JFK,SV,ECONOMY,14,SAR,1440,STANDARD,STANDARD,TRUE
RUH-JFK,SV,ECONOMY,60,SAR,1440,STANDARD,STANDARD,TRUE
RUH-JFK,SV,BUSINESS,14,SAR,1440,STANDARD,STANDARD,TRUE
RUH-JFK,SV,BUSINESS,60,SAR,1440,STANDARD,STANDARD,TRUE
RUH-LHR,SV,ECONOMY,14,SAR,1440,STANDARD,STANDARD,TRUE
RUH-LHR,SV,ECONOMY,60,SAR,1440,STANDARD,STANDARD,TRUE
RUH-LHR,SV,BUSINESS,14,SAR,1440,STANDARD,STANDARD,TRUE
RUH-LHR,SV,BUSINESS,60,SAR,1440,STANDARD,STANDARD,TRUE
RUH-MED,SV,ECONOMY,14,SAR,1440,STANDARD,STANDARD,TRUE
RUH-MED,SV,ECONOMY,60,SAR,1440,STANDARD,STANDARD,TRUE
RUH-MED,SV,BUSINESS,14,SAR,1440,STANDARD,STANDARD,TRUE
RUH-MED,SV,BUSINESS,60,SAR,1440,STANDARD,STANDARD,TRUE
RUH-MED,XY,ECONOMY,14,SAR,1440,STANDARD,STANDARD,TRUE
RUH-MED,XY,ECONOMY,60,SAR,1440,STANDARD,STANDARD,TRUE
RUH-MED,XY,BUSINESS,14,SAR,1440,STANDARD,STANDARD,TRUE
RUH-MED,XY,BUSINESS,60,SAR,1440,STANDARD,STANDARD,TRUE
SAW-ALA,TK,ECONOMY,14,TRY,1440,STANDARD,WAVE_3_PRESEED,TRUE
SAW-ALA,TK,ECONOMY,60,TRY,1440,STANDARD,WAVE_3_PRESEED,TRUE
SAW-ALA,TK,BUSINESS,14,TRY,1440,STANDARD,WAVE_3_PRESEED,TRUE
SAW-ALA,TK,BUSINESS,60,TRY,1440,STANDARD,WAVE_3_PRESEED,TRUE
SAW-ALA,PC,ECONOMY,14,TRY,1440,STANDARD,WAVE_3_PRESEED,TRUE
SAW-ALA,PC,ECONOMY,60,TRY,1440,STANDARD,WAVE_3_PRESEED,TRUE
SAW-ALA,PC,BUSINESS,14,TRY,1440,STANDARD,WAVE_3_PRESEED,TRUE
SAW-ALA,PC,BUSINESS,60,TRY,1440,STANDARD,WAVE_3_PRESEED,TRUE
SAW-AYT,TK,ECONOMY,14,TRY,1440,STANDARD,STANDARD,TRUE
SAW-AYT,TK,ECONOMY,60,TRY,1440,STANDARD,STANDARD,TRUE
SAW-AYT,TK,BUSINESS,14,TRY,1440,STANDARD,STANDARD,TRUE
SAW-AYT,TK,BUSINESS,60,TRY,1440,STANDARD,STANDARD,TRUE
SAW-AYT,PC,ECONOMY,14,TRY,1440,STANDARD,STANDARD,TRUE
SAW-AYT,PC,ECONOMY,60,TRY,1440,STANDARD,STANDARD,TRUE
SAW-AYT,PC,BUSINESS,14,TRY,1440,STANDARD,STANDARD,TRUE
SAW-AYT,PC,BUSINESS,60,TRY,1440,STANDARD,STANDARD,TRUE
SAW-GYD,TK,ECONOMY,14,TRY,1440,STANDARD,WAVE_3_PRESEED,TRUE
SAW-GYD,TK,ECONOMY,60,TRY,1440,STANDARD,WAVE_3_PRESEED,TRUE
SAW-GYD,TK,BUSINESS,14,TRY,1440,STANDARD,WAVE_3_PRESEED,TRUE
SAW-GYD,TK,BUSINESS,60,TRY,1440,STANDARD,WAVE_3_PRESEED,TRUE
SAW-GYD,PC,ECONOMY,14,TRY,1440,STANDARD,WAVE_3_PRESEED,TRUE
SAW-GYD,PC,ECONOMY,60,TRY,1440,STANDARD,WAVE_3_PRESEED,TRUE
SAW-GYD,PC,BUSINESS,14,TRY,1440,STANDARD,WAVE_3_PRESEED,TRUE
SAW-GYD,PC,BUSINESS,60,TRY,1440,STANDARD,WAVE_3_PRESEED,TRUE
SAW-NQZ,TK,ECONOMY,14,TRY,1440,STANDARD,WAVE_3_PRESEED,TRUE
SAW-NQZ,TK,ECONOMY,60,TRY,1440,STANDARD,WAVE_3_PRESEED,TRUE
SAW-NQZ,TK,BUSINESS,14,TRY,1440,STANDARD,WAVE_3_PRESEED,TRUE
SAW-NQZ,TK,BUSINESS,60,TRY,1440,STANDARD,WAVE_3_PRESEED,TRUE
SAW-NQZ,PC,ECONOMY,14,TRY,1440,STANDARD,WAVE_3_PRESEED,TRUE
SAW-NQZ,PC,ECONOMY,60,TRY,1440,STANDARD,WAVE_3_PRESEED,TRUE
SAW-NQZ,PC,BUSINESS,14,TRY,1440,STANDARD,WAVE_3_PRESEED,TRUE
SAW-NQZ,PC,BUSINESS,60,TRY,1440,STANDARD,WAVE_3_PRESEED,TRUE
SAW-TAS,TK,ECONOMY,14,TRY,1440,STANDARD,WAVE_3_PRESEED,TRUE
SAW-TAS,TK,ECONOMY,60,TRY,1440,STANDARD,WAVE_3_PRESEED,TRUE
SAW-TAS,TK,BUSINESS,14,TRY,1440,STANDARD,WAVE_3_PRESEED,TRUE
SAW-TAS,TK,BUSINESS,60,TRY,1440,STANDARD,WAVE_3_PRESEED,TRUE
SAW-TAS,PC,ECONOMY,14,TRY,1440,STANDARD,WAVE_3_PRESEED,TRUE
SAW-TAS,PC,ECONOMY,60,TRY,1440,STANDARD,WAVE_3_PRESEED,TRUE
SAW-TAS,PC,BUSINESS,14,TRY,1440,STANDARD,WAVE_3_PRESEED,TRUE
SAW-TAS,PC,BUSINESS,60,TRY,1440,STANDARD,WAVE_3_PRESEED,TRUE
